,Wk,Day,Date,Time,Home,xG,Score,xG.1,Away,Attendance,Venue,Referee,Match Report,Spread,home_odds,away_odds,Opening Spread,inter_spread_1,inter_spread_2,inter_spread_3,Unnamed: 20,Unnamed: 21
0,1,Fri,2022-08-05,20:00:00,Crystal Palace,,,,Arsenal,,Selhurst Park,,Head-to-Head,0.5,2.06,1.87,0.25,0.5,,,,
1,1,Sat,2022-08-06,12:30:00,Fulham,,,,Liverpool,,Craven Cottage,,Head-to-Head,1.75,1.943,1.98,1.5,1.75,,,,
2,1,Sat,2022-08-06,15:00:00,Tottenham,,,,Southampton,,Tottenham Hotspur Stadium,,Head-to-Head,-1.5,2.06,1.87,-1.25,-1.5,,,,
3,1,Sat,2022-08-06,15:00:00,Newcastle Utd,,,,Nott'ham Forest,,St. James' Park,,Head-to-Head,-0.75,1.884,2.04,-0.75,-0.75,,,,
4,1,Sat,2022-08-06,15:00:00,Leeds United,,,,Wolves,,Elland Road,,Head-to-Head,-0.25,2.01,1.84,-0.25,-0.25,,,,
5,1,Sat,2022-08-06,15:00:00,Bournemouth,,,,Aston Villa,,Vitality Stadium,,Head-to-Head,0.5,1.9,2.03,0.25,0.5,,,,
6,1,Sat,2022-08-06,17:30:00,Everton,,,,Chelsea,,Goodison Park,,Head-to-Head,1.0,1.9,2.03,0.75,0.75,,,,
7,1,Sun,2022-08-07,14:00:00,Leicester City,,,,Brentford,,King Power Stadium,,Head-to-Head,-0.5,2.04,1.89,-0.5,-0.5,,,,
8,1,Sun,2022-08-07,14:00:00,Manchester Utd,,,,Brighton,,Old Trafford,,Head-to-Head,-0.75,1.84,2.09,-1.0,-0.75,,,,
9,1,Sun,2022-08-07,16:30:00,West Ham,,,,Manchester City,,London Stadium,,Head-to-Head,1.5,1.84,2.09,1.25,1.5,,,,
10,2,Sat,2022-08-13,12:30:00,Aston Villa,,,,Everton,,Villa Park,,Head-to-Head,-0.75,2.07,1.83,-0.5,-0.5,-0.5,-0.75,,
11,2,Sat,2022-08-13,15:00:00,Manchester City,,,,Bournemouth,,Etihad Stadium,,Head-to-Head,-2.75,2.07,1.83,-2.5,-2.5,-2.5,-2.75,,
12,2,Sat,2022-08-13,15:00:00,Southampton,,,,Leeds United,,St. Mary's Stadium,,Head-to-Head,-0.25,2.01,1.89,-0.25,-0.25,-0.25,-0.25,,
13,2,Sat,2022-08-13,15:00:00,Wolves,,,,Fulham,,Molineux Stadium,,Head-to-Head,-0.25,2.03,1.87,-0.5,-0.5,-0.25,-0.25,,
14,2,Sat,2022-08-13,15:00:00,Arsenal,,,,Leicester City,,Emirates Stadium,,Head-to-Head,-1.0,1.92,1.98,-1.0,-1.0,-1.0,-1.0,,
15,2,Sat,2022-08-13,15:00:00,Brighton,,,,Newcastle Utd,,The American Express Community Stadium,,Head-to-Head,-0.25,2.07,1.83,-0.25,-0.25,-0.25,-0.25,,
16,2,Sat,2022-08-13,17:30:00,Brentford,,,,Manchester Utd,,Brentford Community Stadium,,Head-to-Head,0.5,1.87,2.03,0.5,0.5,0.5,0.5,,
17,2,Sun,2022-08-14,14:00:00,Nott'ham Forest,,,,West Ham,,The City Ground,,Head-to-Head,0.5,2.0,1.9,0.25,0.25,0.25,0.5,,
18,2,Sun,2022-08-14,16:30:00,Chelsea,,,,Tottenham,,Stamford Bridge,,Head-to-Head,-0.25,1.96,1.94,-0.25,-0.25,-0.25,-0.25,,
19,2,Mon,2022-08-15,20:00:00,Liverpool,,,,Crystal Palace,,Anfield,,Head-to-Head,-2.0,2.05,1.85,-1.75,-1.75,-2.0,-2.0,,
20,3,Sat,2022-08-20,12:30:00,Tottenham,,,,Wolves,,Tottenham Hotspur Stadium,,Head-to-Head,-1.25,1.99,1.91,-1.25,-1.25,-1.25,,,
21,3,Sat,2022-08-20,15:00:00,Leicester City,,,,Southampton,,King Power Stadium,,Head-to-Head,-0.5,1.82,2.08,-0.5,-0.5,-0.5,,,
22,3,Sat,2022-08-20,15:00:00,Everton,,,,Nott'ham Forest,,Goodison Park,,Head-to-Head,-0.5,1.92,1.98,-0.5,-0.5,-0.5,,,
23,3,Sat,2022-08-20,15:00:00,Crystal Palace,,,,Aston Villa,,Selhurst Park,,Head-to-Head,0.0,1.79,2.11,0.0,0.0,0.0,,,
24,3,Sat,2022-08-20,15:00:00,Fulham,,,,Brentford,,Craven Cottage,,Head-to-Head,-0.25,2.155,1.76,-0.25,-0.25,-0.25,,,
25,3,Sat,2022-08-20,17:30:00,Bournemouth,,,,Arsenal,,Vitality Stadium,,Head-to-Head,1.25,1.9,2.0,1.0,1.25,1.25,,,
26,3,Sun,2022-08-21,14:00:00,Leeds United,,,,Chelsea,,Elland Road,,Head-to-Head,1.0,2.02,1.88,1.0,1.0,1.0,,,
27,3,Sun,2022-08-21,14:00:00,West Ham,,,,Brighton,,London Stadium,,Head-to-Head,-0.25,2.03,1.87,-0.25,-0.25,-0.25,,,
28,3,Sun,2022-08-21,16:30:00,Newcastle Utd,,,,Manchester City,,St. James' Park,,Head-to-Head,1.25,2.06,1.84,1.5,1.25,1.25,,,
29,3,Mon,2022-08-22,20:00:00,Manchester Utd,,,,Liverpool,,Old Trafford,,Head-to-Head,0.75,2.04,1.86,0.75,1.0,1.0,,,
30,4,Sat,2022-08-27,12:30:00,Southampton,,,,Manchester Utd,,St. Mary's Stadium,,Head-to-Head,0.5,2.07,1.83,0.5,0.75,0.5,,,
31,4,Sat,2022-08-27,15:00:00,Manchester City,,,,Crystal Palace,,Etihad Stadium,,Head-to-Head,-2.0,1.99,1.91,-2.25,-2.0,-2.0,,,
32,4,Sat,2022-08-27,15:00:00,Brighton,,,,Leeds United,,The American Express Community Stadium,,Head-to-Head,-0.75,2.04,1.86,-0.5,-0.5,-0.75,,,
33,4,Sat,2022-08-27,15:00:00,Chelsea,,,,Leicester City,,Stamford Bridge,,Head-to-Head,-1.25,1.92,1.98,-1.25,-1.25,-1.25,,,
34,4,Sat,2022-08-27,15:00:00,Brentford,,,,Everton,,Brentford Community Stadium,,Head-to-Head,-0.25,1.81,2.09,-0.5,-0.5,-0.25,,,
35,4,Sat,2022-08-27,15:00:00,Liverpool,,,,Bournemouth,,Anfield,,Head-to-Head,-2.25,1.85,2.05,-2.5,-2.5,-2.25,,,
36,4,Sat,2022-08-27,17:30:00,Arsenal,,,,Fulham,,Emirates Stadium,,Head-to-Head,-1.5,2.04,1.86,-1.5,-1.5,-1.5,,,
37,4,Sun,2022-08-28,14:00:00,Wolves,,,,Newcastle Utd,,Molineux Stadium,,Head-to-Head,0.0,2.0,1.9,0.0,0.0,0.0,,,
38,4,Sun,2022-08-28,14:00:00,Aston Villa,,,,West Ham,,Villa Park,,Head-to-Head,-0.25,1.88,2.02,0.0,-0.25,-0.25,,,
39,4,Sun,2022-08-28,16:30:00,Nott'ham Forest,,,,Tottenham,,The City Ground,,Head-to-Head,1.25,1.8,2.1,1.0,1.25,1.25,,,
40,5,Tue,2022-08-30,19:30:00,Fulham,,,,Brighton,,Craven Cottage,,Head-to-Head,0.25,,,0.0,0.25,0.25,0.25,,
41,5,Tue,2022-08-30,19:30:00,Crystal Palace,,,,Brentford,,Selhurst Park,,Head-to-Head,-0.25,,,-0.25,-0.25,-0.25,-0.25,,
42,5,Tue,2022-08-30,19:45:00,Southampton,,,,Chelsea,,St. Mary's Stadium,,Head-to-Head,1.0,,,1.0,1.0,1.0,1.0,,
43,5,Tue,2022-08-30,20:00:00,Leeds United,,,,Everton,,Elland Road,,Head-to-Head,-0.25,,,-0.25,-0.25,-0.25,-0.25,,
44,5,Wed,2022-08-31,19:30:00,Bournemouth,,,,Wolves,,Vitality Stadium,,Head-to-Head,0.25,,,0.25,0.25,0.25,0.25,,
45,5,Wed,2022-08-31,19:30:00,Manchester City,,,,Nott'ham Forest,,Etihad Stadium,,Head-to-Head,-2.75,,,-3.0,-3.0,-3.0,-2.75,,
46,5,Wed,2022-08-31,19:30:00,Arsenal,,,,Aston Villa,,Emirates Stadium,,Head-to-Head,-1.0,,,-1.25,-1.25,-1.25,-1.0,,
47,5,Wed,2022-08-31,19:45:00,West Ham,,,,Tottenham,,London Stadium,,Head-to-Head,0.25,,,0.5,0.5,0.5,0.25,,
48,5,Wed,2022-08-31,20:00:00,Liverpool,,,,Newcastle Utd,,Anfield,,Head-to-Head,-1.5,,,-1.25,-1.5,-1.75,-1.5,,
49,5,Thu,2022-09-01,20:00:00,Leicester City,,,,Manchester Utd,,King Power Stadium,,Head-to-Head,0.25,,,0.5,0.5,0.25,0.25,,
50,6,Sat,2022-09-03,12:30:00,Everton,,,,Liverpool,,Goodison Park,,Head-to-Head,1.5,,,1.5,1.5,,,,
51,6,Sat,2022-09-03,15:00:00,Nott'ham Forest,,,,Bournemouth,,The City Ground,,Head-to-Head,-0.5,,,-0.25,-0.25,,,,
52,6,Sat,2022-09-03,15:00:00,Wolves,,,,Southampton,,Molineux Stadium,,Head-to-Head,-0.25,,,-0.25,-0.25,,,,
53,6,Sat,2022-09-03,15:00:00,Newcastle Utd,,,,Crystal Palace,,St. James' Park,,Head-to-Head,-0.5,,,-0.75,-0.5,,,,
54,6,Sat,2022-09-03,15:00:00,Brentford,,,,Leeds United,,Brentford Community Stadium,,Head-to-Head,-0.25,,,-0.25,-0.25,,,,
55,6,Sat,2022-09-03,15:00:00,Tottenham,,,,Fulham,,Tottenham Hotspur Stadium,,Head-to-Head,-1.25,,,-1.25,-1.25,,,,
56,6,Sat,2022-09-03,17:30:00,Aston Villa,,,,Manchester City,,Villa Park,,Head-to-Head,1.5,,,1.5,1.5,,,,
57,6,Sun,2022-09-04,14:00:00,Brighton,,,,Leicester City,,The American Express Community Stadium,,Head-to-Head,-0.5,,,-0.75,-0.75,,,,
58,6,Sun,2022-09-03,14:00:00,Chelsea,,,,West Ham,,Stamford Bridge,,Head-to-Head,-1.0,,,-1.25,-1.0,,,,
59,6,Sun,2022-09-04,16:30:00,Manchester Utd,,,,Arsenal,,Old Trafford,,Head-to-Head,0.0,,,0.0,0.0,,,,
60,7,Sat,2022-09-10,12:30:00,Fulham,,,,Chelsea,,Craven Cottage,,Head-to-Head,1.0,,,1.0,,,,,
61,7,Sat,2022-09-10,15:00:00,Liverpool,,,,Wolves,,Anfield,,Head-to-Head,-1.75,,,-1.75,,,,,
62,7,Sat,2022-09-10,15:00:00,Bournemouth,,,,Brighton,,Vitality Stadium,,Head-to-Head,0.5,,,0.5,,,,,
63,7,Sat,2022-09-10,15:00:00,Southampton,,,,Brentford,,St. Mary's Stadium,,Head-to-Head,-0.25,,,-0.25,,,,,
64,7,Sat,2022-09-10,15:00:00,Leicester City,,,,Aston Villa,,King Power Stadium,,Head-to-Head,-0.25,,,-0.25,,,,,
65,7,Sat,2022-09-10,17:30:00,Manchester City,,,,Tottenham,,Etihad Stadium,,Head-to-Head,-1.25,,,-1.25,,,,,
66,7,Sun,2022-09-11,14:00:00,West Ham,,,,Newcastle Utd,,London Stadium,,Head-to-Head,-0.25,,,-0.25,,,,,
67,7,Sun,2022-09-11,14:00:00,Arsenal,,,,Everton,,Emirates Stadium,,Head-to-Head,-1.25,,,-1.25,,,,,
68,7,Sun,2022-09-11,16:30:00,Crystal Palace,,,,Manchester Utd,,Selhurst Park,,Head-to-Head,0.5,,,0.5,,,,,
69,7,Mon,2022-09-12,20:00:00,Leeds United,,,,Nott'ham Forest,,Elland Road,,Head-to-Head,-0.5,,,-0.5,,,,,
70,8,Fri,2022-09-16,20:00:00,Aston Villa,,,,Southampton,,Villa Park,,Head-to-Head,-0.25,,,-0.5,-0.5,-0.25,-0.5,-0.5,-0.25
71,8,Fri,2022-09-16,20:00:00,Nott'ham Forest,,,,Fulham,,The City Ground,,Head-to-Head,0.0,,,0.0,0.0,0.0,0.0,0.0,0.0
72,8,Sat,2022-09-17,12:30:00,Wolves,,,,Manchester City,,Molineux Stadium,,Head-to-Head,1.5,,,1.5,1.5,1.5,1.5,1.5,1.5
73,8,Sat,2022-09-17,15:00:00,Newcastle Utd,,,,Bournemouth,,St. James' Park,,Head-to-Head,-1.25,,,-1.25,-1.25,-1.25,-1.25,-1.25,-1.25
74,8,Sat,2022-09-17,15:00:00,Everton,,,,West Ham,,Goodison Park,,Head-to-Head,0.25,,,0.25,0.25,0.25,0.25,0.25,0.25
75,8,Sat,2022-09-17,17:30:00,Tottenham,,,,Leicester City,,Tottenham Hotspur Stadium,,Head-to-Head,-1.25,,,-1.0,-1.0,-1.0,-1.25,-1.25,-1.25
76,8,Sun,2022-09-18,14:00:00,Manchester Utd,,,,Leeds United,,Old Trafford,,Head-to-Head,-1.25,,,-1.25,-1.25,-1.25,-1.25,-1.25,-1.25
77,8,Sun,2022-09-18,14:00:00,Brentford,,,,Arsenal,,Brentford Community Stadium,,Head-to-Head,0.75,,,0.5,0.5,0.75,0.75,0.75,0.75
78,8,Sun,2022-09-18,16:30:00,Chelsea,,,,Liverpool,,Stamford Bridge,,Head-to-Head,0.0,,,0.0,0.0,0.0,0.0,0.0,0.0
79,9,Sat,2022-10-01,15:00:00,Southampton,,,,Everton,,St. Mary's Stadium,,Head-to-Head,-0.25,,,-0.25,,,,,
80,9,Sat,2022-10-01,15:00:00,Crystal Palace,,,,Chelsea,,Selhurst Park,,Head-to-Head,0.5,,,0.5,,,,,
81,9,Sat,2022-10-02,15:00:00,Leeds United,,,,Aston Villa,,Elland Road,,Head-to-Head,0.0,,,0.0,,,,,
82,9,Sat,2022-10-02,15:00:00,Manchester City,,,,Manchester Utd,,Etihad Stadium,,Head-to-Head,-1.5,,,-1.5,,,,,
83,9,Sat,2022-10-01,15:00:00,West Ham,,,,Wolves,,London Stadium,,Head-to-Head,-0.5,,,-0.5,,,,,
84,9,Sat,2022-10-03,15:00:00,Leicester City,,,,Nott'ham Forest,,King Power Stadium,,Head-to-Head,-0.5,,,-0.5,,,,,
85,9,Sat,2022-10-01,15:00:00,Liverpool,,,,Brighton,,Anfield,,Head-to-Head,-1.5,,,-1.5,,,,,
86,9,Sat,2022-10-01,15:00:00,Arsenal,,,,Tottenham,,Emirates Stadium,,Head-to-Head,-0.5,,,-0.5,,,,,
87,9,Sat,2022-10-01,15:00:00,Fulham,,,,Newcastle Utd,,Craven Cottage,,Head-to-Head,0.25,,,0.25,,,,,
88,9,Sat,2022-10-01,15:00:00,Bournemouth,,,,Brentford,,Vitality Stadium,,Head-to-Head,0.25,,,0.25,,,,,
89,10,Sat,2022-10-08,15:00:00,Brighton,,,,Tottenham,,The American Express Community Stadium,,Head-to-Head,,,,,,,,,
90,10,Sat,2022-10-08,15:00:00,West Ham,,,,Fulham,,London Stadium,,Head-to-Head,,,,,,,,,
91,10,Sat,2022-10-08,15:00:00,Everton,,,,Manchester Utd,,Goodison Park,,Head-to-Head,,,,,,,,,
92,10,Sat,2022-10-08,15:00:00,Bournemouth,,,,Leicester City,,Vitality Stadium,,Head-to-Head,,,,,,,,,
93,10,Sat,2022-10-08,15:00:00,Newcastle Utd,,,,Brentford,,St. James' Park,,Head-to-Head,,,,,,,,,
94,10,Sat,2022-10-08,15:00:00,Arsenal,,,,Liverpool,,Emirates Stadium,,Head-to-Head,,,,,,,,,
95,10,Sat,2022-10-08,15:00:00,Manchester City,,,,Southampton,,Etihad Stadium,,Head-to-Head,,,,,,,,,
96,10,Sat,2022-10-08,15:00:00,Chelsea,,,,Wolves,,Stamford Bridge,,Head-to-Head,,,,,,,,,
97,10,Sat,2022-10-08,15:00:00,Crystal Palace,,,,Leeds United,,Selhurst Park,,Head-to-Head,,,,,,,,,
98,10,Sat,2022-10-08,15:00:00,Nott'ham Forest,,,,Aston Villa,,The City Ground,,Head-to-Head,,,,,,,,,
99,11,Sat,2022-10-15,15:00:00,Liverpool,,,,Manchester City,,Anfield,,Head-to-Head,,,,,,,,,
100,11,Sat,2022-10-15,15:00:00,Southampton,,,,West Ham,,St. Mary's Stadium,,Head-to-Head,,,,,,,,,
101,11,Sat,2022-10-15,15:00:00,Leicester City,,,,Crystal Palace,,King Power Stadium,,Head-to-Head,,,,,,,,,
102,11,Sat,2022-10-15,15:00:00,Brentford,,,,Brighton,,Brentford Community Stadium,,Head-to-Head,,,,,,,,,
103,11,Sat,2022-10-15,15:00:00,Aston Villa,,,,Chelsea,,Villa Park,,Head-to-Head,,,,,,,,,
104,11,Sat,2022-10-15,15:00:00,Leeds United,,,,Arsenal,,Elland Road,,Head-to-Head,,,,,,,,,
105,11,Sat,2022-10-15,15:00:00,Fulham,,,,Bournemouth,,Craven Cottage,,Head-to-Head,,,,,,,,,
106,11,Sat,2022-10-15,15:00:00,Wolves,,,,Nott'ham Forest,,Molineux Stadium,,Head-to-Head,,,,,,,,,
107,11,Sat,2022-10-15,15:00:00,Manchester Utd,,,,Newcastle Utd,,Old Trafford,,Head-to-Head,,,,,,,,,
108,11,Sat,2022-10-15,15:00:00,Tottenham,,,,Everton,,Tottenham Hotspur Stadium,,Head-to-Head,,,,,,,,,
109,12,Tue,2022-10-18,19:45:00,Brighton,,,,Nott'ham Forest,,The American Express Community Stadium,,Head-to-Head,,,,,,,,,
110,12,Tue,2022-10-18,19:45:00,Leicester City,,,,Leeds United,,King Power Stadium,,Head-to-Head,,,,,,,,,
111,12,Tue,2022-10-18,19:45:00,Bournemouth,,,,Southampton,,Vitality Stadium,,Head-to-Head,,,,,,,,,
112,12,Tue,2022-10-18,19:45:00,Brentford,,,,Chelsea,,Brentford Community Stadium,,Head-to-Head,,,,,,,,,
113,12,Tue,2022-10-18,19:45:00,Arsenal,,,,Manchester City,,Emirates Stadium,,Head-to-Head,,,,,,,,,
114,12,Tue,2022-10-18,19:45:00,Fulham,,,,Aston Villa,,Craven Cottage,,Head-to-Head,,,,,,,,,
115,12,Tue,2022-10-18,20:00:00,Crystal Palace,,,,Wolves,,Selhurst Park,,Head-to-Head,,,,,,,,,
116,12,Wed,2022-10-19,19:45:00,Newcastle Utd,,,,Everton,,St. James' Park,,Head-to-Head,,,,,,,,,
117,12,Wed,2022-10-19,20:00:00,Liverpool,,,,West Ham,,Anfield,,Head-to-Head,,,,,,,,,
118,12,Wed,2022-10-19,20:00:00,Manchester Utd,,,,Tottenham,,Old Trafford,,Head-to-Head,,,,,,,,,
119,13,Sat,2022-10-22,15:00:00,Everton,,,,Crystal Palace,,Goodison Park,,Head-to-Head,,,,,,,,,
120,13,Sat,2022-10-22,15:00:00,Aston Villa,,,,Brentford,,Villa Park,,Head-to-Head,,,,,,,,,
121,13,Sat,2022-10-22,15:00:00,Chelsea,,,,Manchester Utd,,Stamford Bridge,,Head-to-Head,,,,,,,,,
122,13,Sat,2022-10-22,15:00:00,Wolves,,,,Leicester City,,Molineux Stadium,,Head-to-Head,,,,,,,,,
123,13,Sat,2022-10-22,15:00:00,Tottenham,,,,Newcastle Utd,,Tottenham Hotspur Stadium,,Head-to-Head,,,,,,,,,
124,13,Sat,2022-10-22,15:00:00,Manchester City,,,,Brighton,,Etihad Stadium,,Head-to-Head,,,,,,,,,
125,13,Sat,2022-10-22,15:00:00,Leeds United,,,,Fulham,,Elland Road,,Head-to-Head,,,,,,,,,
126,13,Sat,2022-10-22,15:00:00,Southampton,,,,Arsenal,,St. Mary's Stadium,,Head-to-Head,,,,,,,,,
127,13,Sat,2022-10-22,15:00:00,West Ham,,,,Bournemouth,,London Stadium,,Head-to-Head,,,,,,,,,
128,13,Sat,2022-10-22,15:00:00,Nott'ham Forest,,,,Liverpool,,The City Ground,,Head-to-Head,,,,,,,,,
129,14,Sat,2022-10-29,15:00:00,Arsenal,,,,Nott'ham Forest,,Emirates Stadium,,Head-to-Head,,,,,,,,,
130,14,Sat,2022-10-29,15:00:00,Brentford,,,,Wolves,,Brentford Community Stadium,,Head-to-Head,,,,,,,,,
131,14,Sat,2022-10-29,15:00:00,Crystal Palace,,,,Southampton,,Selhurst Park,,Head-to-Head,,,,,,,,,
132,14,Sat,2022-10-29,15:00:00,Leicester City,,,,Manchester City,,King Power Stadium,,Head-to-Head,,,,,,,,,
133,14,Sat,2022-10-29,15:00:00,Newcastle Utd,,,,Aston Villa,,St. James' Park,,Head-to-Head,,,,,,,,,
134,14,Sat,2022-10-29,15:00:00,Fulham,,,,Everton,,Craven Cottage,,Head-to-Head,,,,,,,,,
135,14,Sat,2022-10-29,15:00:00,Brighton,,,,Chelsea,,The American Express Community Stadium,,Head-to-Head,,,,,,,,,
136,14,Sat,2022-10-29,15:00:00,Liverpool,,,,Leeds United,,Anfield,,Head-to-Head,,,,,,,,,
137,14,Sat,2022-10-29,15:00:00,Manchester Utd,,,,West Ham,,Old Trafford,,Head-to-Head,,,,,,,,,
138,14,Sat,2022-10-29,15:00:00,Bournemouth,,,,Tottenham,,Vitality Stadium,,Head-to-Head,,,,,,,,,
139,15,Sat,2022-11-05,15:00:00,Nott'ham Forest,,,,Brentford,,The City Ground,,Head-to-Head,,,,,,,,,
140,15,Sat,2022-11-05,15:00:00,West Ham,,,,Crystal Palace,,London Stadium,,Head-to-Head,,,,,,,,,
141,15,Sat,2022-11-05,15:00:00,Tottenham,,,,Liverpool,,Tottenham Hotspur Stadium,,Head-to-Head,,,,,,,,,
142,15,Sat,2022-11-05,15:00:00,Southampton,,,,Newcastle Utd,,St. Mary's Stadium,,Head-to-Head,,,,,,,,,
143,15,Sat,2022-11-05,15:00:00,Leeds United,,,,Bournemouth,,Elland Road,,Head-to-Head,,,,,,,,,
144,15,Sat,2022-11-05,15:00:00,Aston Villa,,,,Manchester Utd,,Villa Park,,Head-to-Head,,,,,,,,,
145,15,Sat,2022-11-05,15:00:00,Manchester City,,,,Fulham,,Etihad Stadium,,Head-to-Head,,,,,,,,,
146,15,Sat,2022-11-05,15:00:00,Everton,,,,Leicester City,,Goodison Park,,Head-to-Head,,,,,,,,,
147,15,Sat,2022-11-05,15:00:00,Wolves,,,,Brighton,,Molineux Stadium,,Head-to-Head,,,,,,,,,
148,15,Sat,2022-11-05,15:00:00,Chelsea,,,,Arsenal,,Stamford Bridge,,Head-to-Head,,,,,,,,,
149,16,Sat,2022-11-12,15:00:00,Tottenham,,,,Leeds United,,Tottenham Hotspur Stadium,,Head-to-Head,,,,,,,,,
150,16,Sat,2022-11-12,15:00:00,Liverpool,,,,Southampton,,Anfield,,Head-to-Head,,,,,,,,,
151,16,Sat,2022-11-12,15:00:00,Manchester City,,,,Brentford,,Etihad Stadium,,Head-to-Head,,,,,,,,,
152,16,Sat,2022-11-12,15:00:00,Bournemouth,,,,Everton,,Vitality Stadium,,Head-to-Head,,,,,,,,,
153,16,Sat,2022-11-12,15:00:00,West Ham,,,,Leicester City,,London Stadium,,Head-to-Head,,,,,,,,,
154,16,Sat,2022-11-12,15:00:00,Wolves,,,,Arsenal,,Molineux Stadium,,Head-to-Head,,,,,,,,,
155,16,Sat,2022-11-12,15:00:00,Brighton,,,,Aston Villa,,The American Express Community Stadium,,Head-to-Head,,,,,,,,,
156,16,Sat,2022-11-12,15:00:00,Fulham,,,,Manchester Utd,,Craven Cottage,,Head-to-Head,,,,,,,,,
157,16,Sat,2022-11-12,15:00:00,Newcastle Utd,,,,Chelsea,,St. James' Park,,Head-to-Head,,,,,,,,,
158,16,Sat,2022-11-12,15:00:00,Nott'ham Forest,,,,Crystal Palace,,The City Ground,,Head-to-Head,,,,,,,,,
159,17,Mon,2022-12-26,15:00:00,Brentford,,,,Tottenham,,Brentford Community Stadium,,Head-to-Head,,,,,,,,,
160,17,Mon,2022-12-26,15:00:00,Southampton,,,,Brighton,,St. Mary's Stadium,,Head-to-Head,,,,,,,,,
161,17,Mon,2022-12-26,15:00:00,Arsenal,,,,West Ham,,Emirates Stadium,,Head-to-Head,,,,,,,,,
162,17,Mon,2022-12-26,15:00:00,Leicester City,,,,Newcastle Utd,,King Power Stadium,,Head-to-Head,,,,,,,,,
163,17,Mon,2022-12-26,15:00:00,Leeds United,,,,Manchester City,,Elland Road,,Head-to-Head,,,,,,,,,
164,17,Mon,2022-12-26,15:00:00,Aston Villa,,,,Liverpool,,Villa Park,,Head-to-Head,,,,,,,,,
165,17,Mon,2022-12-26,15:00:00,Manchester Utd,,,,Nott'ham Forest,,Old Trafford,,Head-to-Head,,,,,,,,,
166,17,Mon,2022-12-26,15:00:00,Crystal Palace,,,,Fulham,,Selhurst Park,,Head-to-Head,,,,,,,,,
167,17,Mon,2022-12-26,15:00:00,Chelsea,,,,Bournemouth,,Stamford Bridge,,Head-to-Head,,,,,,,,,
168,17,Mon,2022-12-26,15:00:00,Everton,,,,Wolves,,Goodison Park,,Head-to-Head,,,,,,,,,
169,18,Sat,2022-12-31,15:00:00,Newcastle Utd,,,,Leeds United,,St. James' Park,,Head-to-Head,,,,,,,,,
170,18,Sat,2022-12-31,15:00:00,West Ham,,,,Brentford,,London Stadium,,Head-to-Head,,,,,,,,,
171,18,Sat,2022-12-31,15:00:00,Tottenham,,,,Aston Villa,,Tottenham Hotspur Stadium,,Head-to-Head,,,,,,,,,
172,18,Sat,2022-12-31,15:00:00,Wolves,,,,Manchester Utd,,Molineux Stadium,,Head-to-Head,,,,,,,,,
173,18,Sat,2022-12-31,15:00:00,Fulham,,,,Southampton,,Craven Cottage,,Head-to-Head,,,,,,,,,
174,18,Sat,2022-12-31,15:00:00,Manchester City,,,,Everton,,Etihad Stadium,,Head-to-Head,,,,,,,,,
175,18,Sat,2022-12-31,15:00:00,Nott'ham Forest,,,,Chelsea,,The City Ground,,Head-to-Head,,,,,,,,,
176,18,Sat,2022-12-31,15:00:00,Liverpool,,,,Leicester City,,Anfield,,Head-to-Head,,,,,,,,,
177,18,Sat,2022-12-31,15:00:00,Bournemouth,,,,Crystal Palace,,Vitality Stadium,,Head-to-Head,,,,,,,,,
178,18,Sat,2022-12-31,15:00:00,Brighton,,,,Arsenal,,The American Express Community Stadium,,Head-to-Head,,,,,,,,,
179,19,Mon,2023-01-02,15:00:00,Leeds United,,,,West Ham,,Elland Road,,Head-to-Head,,,,,,,,,
180,19,Mon,2023-01-02,15:00:00,Leicester City,,,,Fulham,,King Power Stadium,,Head-to-Head,,,,,,,,,
181,19,Mon,2023-01-02,15:00:00,Manchester Utd,,,,Bournemouth,,Old Trafford,,Head-to-Head,,,,,,,,,
182,19,Mon,2023-01-02,15:00:00,Aston Villa,,,,Wolves,,Villa Park,,Head-to-Head,,,,,,,,,
183,19,Mon,2023-01-02,15:00:00,Brentford,,,,Liverpool,,Brentford Community Stadium,,Head-to-Head,,,,,,,,,
184,19,Mon,2023-01-02,15:00:00,Everton,,,,Brighton,,Goodison Park,,Head-to-Head,,,,,,,,,
185,19,Mon,2023-01-02,15:00:00,Southampton,,,,Nott'ham Forest,,St. Mary's Stadium,,Head-to-Head,,,,,,,,,
186,19,Mon,2023-01-02,15:00:00,Arsenal,,,,Newcastle Utd,,Emirates Stadium,,Head-to-Head,,,,,,,,,
187,19,Mon,2023-01-02,15:00:00,Crystal Palace,,,,Tottenham,,Selhurst Park,,Head-to-Head,,,,,,,,,
188,19,Mon,2023-01-02,15:00:00,Chelsea,,,,Manchester City,,Stamford Bridge,,Head-to-Head,,,,,,,,,
189,20,Sat,2023-01-14,15:00:00,Everton,,,,Southampton,,Goodison Park,,Head-to-Head,,,,,,,,,
190,20,Sat,2023-01-14,15:00:00,Wolves,,,,West Ham,,Molineux Stadium,,Head-to-Head,,,,,,,,,
191,20,Sat,2023-01-14,15:00:00,Brentford,,,,Bournemouth,,Brentford Community Stadium,,Head-to-Head,,,,,,,,,
192,20,Sat,2023-01-14,15:00:00,Tottenham,,,,Arsenal,,Tottenham Hotspur Stadium,,Head-to-Head,,,,,,,,,
193,20,Sat,2023-01-14,15:00:00,Chelsea,,,,Crystal Palace,,Stamford Bridge,,Head-to-Head,,,,,,,,,
194,20,Sat,2023-01-14,15:00:00,Nott'ham Forest,,,,Leicester City,,The City Ground,,Head-to-Head,,,,,,,,,
195,20,Sat,2023-01-14,15:00:00,Brighton,,,,Liverpool,,The American Express Community Stadium,,Head-to-Head,,,,,,,,,
196,20,Sat,2023-01-14,15:00:00,Aston Villa,,,,Leeds United,,Villa Park,,Head-to-Head,,,,,,,,,
197,20,Sat,2023-01-14,15:00:00,Manchester Utd,,,,Manchester City,,Old Trafford,,Head-to-Head,,,,,,,,,
198,20,Sat,2023-01-14,15:00:00,Newcastle Utd,,,,Fulham,,St. James' Park,,Head-to-Head,,,,,,,,,
199,21,Sat,2023-01-21,15:00:00,Fulham,,,,Tottenham,,Craven Cottage,,Head-to-Head,,,,,,,,,
200,21,Sat,2023-01-21,15:00:00,Arsenal,,,,Manchester Utd,,Emirates Stadium,,Head-to-Head,,,,,,,,,
201,21,Sat,2023-01-21,15:00:00,Bournemouth,,,,Nott'ham Forest,,Vitality Stadium,,Head-to-Head,,,,,,,,,
202,21,Sat,2023-01-21,15:00:00,Manchester City,,,,Wolves,,Etihad Stadium,,Head-to-Head,,,,,,,,,
203,21,Sat,2023-01-21,15:00:00,Liverpool,,,,Chelsea,,Anfield,,Head-to-Head,,,,,,,,,
204,21,Sat,2023-01-21,15:00:00,Crystal Palace,,,,Newcastle Utd,,Selhurst Park,,Head-to-Head,,,,,,,,,
205,21,Sat,2023-01-21,15:00:00,Southampton,,,,Aston Villa,,St. Mary's Stadium,,Head-to-Head,,,,,,,,,
206,21,Sat,2023-01-21,15:00:00,Leicester City,,,,Brighton,,King Power Stadium,,Head-to-Head,,,,,,,,,
207,21,Sat,2023-01-21,15:00:00,West Ham,,,,Everton,,London Stadium,,Head-to-Head,,,,,,,,,
208,21,Sat,2023-01-21,15:00:00,Leeds United,,,,Brentford,,Elland Road,,Head-to-Head,,,,,,,,,
209,22,Sat,2023-02-04,15:00:00,Everton,,,,Arsenal,,Goodison Park,,Head-to-Head,,,,,,,,,
210,22,Sat,2023-02-04,15:00:00,Newcastle Utd,,,,West Ham,,St. James' Park,,Head-to-Head,,,,,,,,,
211,22,Sat,2023-02-04,15:00:00,Aston Villa,,,,Leicester City,,Villa Park,,Head-to-Head,,,,,,,,,
212,22,Sat,2023-02-04,15:00:00,Nott'ham Forest,,,,Leeds United,,The City Ground,,Head-to-Head,,,,,,,,,
213,22,Sat,2023-02-04,15:00:00,Tottenham,,,,Manchester City,,Tottenham Hotspur Stadium,,Head-to-Head,,,,,,,,,
214,22,Sat,2023-02-04,15:00:00,Chelsea,,,,Fulham,,Stamford Bridge,,Head-to-Head,,,,,,,,,
215,22,Sat,2023-02-04,15:00:00,Wolves,,,,Liverpool,,Molineux Stadium,,Head-to-Head,,,,,,,,,
216,22,Sat,2023-02-04,15:00:00,Manchester Utd,,,,Crystal Palace,,Old Trafford,,Head-to-Head,,,,,,,,,
217,22,Sat,2023-02-04,15:00:00,Brighton,,,,Bournemouth,,The American Express Community Stadium,,Head-to-Head,,,,,,,,,
218,22,Sat,2023-02-04,15:00:00,Brentford,,,,Southampton,,Brentford Community Stadium,,Head-to-Head,,,,,,,,,
219,23,Sat,2023-02-11,15:00:00,West Ham,,,,Chelsea,,London Stadium,,Head-to-Head,,,,,,,,,
220,23,Sat,2023-02-11,15:00:00,Manchester City,,,,Aston Villa,,Etihad Stadium,,Head-to-Head,,,,,,,,,
221,23,Sat,2023-02-11,15:00:00,Leeds United,,,,Manchester Utd,,Elland Road,,Head-to-Head,,,,,,,,,
222,23,Sat,2023-02-11,15:00:00,Leicester City,,,,Tottenham,,King Power Stadium,,Head-to-Head,,,,,,,,,
223,23,Sat,2023-02-11,15:00:00,Crystal Palace,,,,Brighton,,Selhurst Park,,Head-to-Head,,,,,,,,,
224,23,Sat,2023-02-11,15:00:00,Arsenal,,,,Brentford,,Emirates Stadium,,Head-to-Head,,,,,,,,,
225,23,Sat,2023-02-11,15:00:00,Southampton,,,,Wolves,,St. Mary's Stadium,,Head-to-Head,,,,,,,,,
226,23,Sat,2023-02-11,15:00:00,Liverpool,,,,Everton,,Anfield,,Head-to-Head,,,,,,,,,
227,23,Sat,2023-02-11,15:00:00,Bournemouth,,,,Newcastle Utd,,Vitality Stadium,,Head-to-Head,,,,,,,,,
228,23,Sat,2023-02-11,15:00:00,Fulham,,,,Nott'ham Forest,,Craven Cottage,,Head-to-Head,,,,,,,,,
229,24,Sat,2023-02-18,15:00:00,Newcastle Utd,,,,Liverpool,,St. James' Park,,Head-to-Head,,,,,,,,,
230,24,Sat,2023-02-18,15:00:00,Brighton,,,,Fulham,,The American Express Community Stadium,,Head-to-Head,,,,,,,,,
231,24,Sat,2023-02-18,15:00:00,Nott'ham Forest,,,,Manchester City,,The City Ground,,Head-to-Head,,,,,,,,,
232,24,Sat,2023-02-18,15:00:00,Chelsea,,,,Southampton,,Stamford Bridge,,Head-to-Head,,,,,,,,,
233,24,Sat,2023-02-18,15:00:00,Tottenham,,,,West Ham,,Tottenham Hotspur Stadium,,Head-to-Head,,,,,,,,,
234,24,Sat,2023-02-18,15:00:00,Everton,,,,Leeds United,,Goodison Park,,Head-to-Head,,,,,,,,,
235,24,Sat,2023-02-18,15:00:00,Manchester Utd,,,,Leicester City,,Old Trafford,,Head-to-Head,,,,,,,,,
236,24,Sat,2023-02-18,15:00:00,Aston Villa,,,,Arsenal,,Villa Park,,Head-to-Head,,,,,,,,,
237,24,Sat,2023-02-18,15:00:00,Wolves,,,,Bournemouth,,Molineux Stadium,,Head-to-Head,,,,,,,,,
238,24,Sat,2023-02-18,15:00:00,Brentford,,,,Crystal Palace,,Brentford Community Stadium,,Head-to-Head,,,,,,,,,
239,25,Sat,2023-02-25,15:00:00,Leicester City,,,,Arsenal,,King Power Stadium,,Head-to-Head,,,,,,,,,
240,25,Sat,2023-02-25,15:00:00,Everton,,,,Aston Villa,,Goodison Park,,Head-to-Head,,,,,,,,,
241,25,Sat,2023-02-25,15:00:00,West Ham,,,,Nott'ham Forest,,London Stadium,,Head-to-Head,,,,,,,,,
242,25,Sat,2023-02-25,15:00:00,Crystal Palace,,,,Liverpool,,Selhurst Park,,Head-to-Head,,,,,,,,,
243,25,Sat,2023-02-25,15:00:00,Tottenham,,,,Chelsea,,Tottenham Hotspur Stadium,,Head-to-Head,,,,,,,,,
244,25,Sat,2023-02-25,15:00:00,Leeds United,,,,Southampton,,Elland Road,,Head-to-Head,,,,,,,,,
245,25,Sat,2023-02-25,15:00:00,Fulham,,,,Wolves,,Craven Cottage,,Head-to-Head,,,,,,,,,
246,25,Sat,2023-02-25,15:00:00,Newcastle Utd,,,,Brighton,,St. James' Park,,Head-to-Head,,,,,,,,,
247,25,Sat,2023-02-25,15:00:00,Bournemouth,,,,Manchester City,,Vitality Stadium,,Head-to-Head,,,,,,,,,
248,25,Sat,2023-02-25,15:00:00,Manchester Utd,,,,Brentford,,Old Trafford,,Head-to-Head,,,,,,,,,
249,26,Sat,2023-03-04,15:00:00,Brentford,,,,Fulham,,Brentford Community Stadium,,Head-to-Head,,,,,,,,,
250,26,Sat,2023-03-04,15:00:00,Arsenal,,,,Bournemouth,,Emirates Stadium,,Head-to-Head,,,,,,,,,
251,26,Sat,2023-03-04,15:00:00,Aston Villa,,,,Crystal Palace,,Villa Park,,Head-to-Head,,,,,,,,,
252,26,Sat,2023-03-04,15:00:00,Southampton,,,,Leicester City,,St. Mary's Stadium,,Head-to-Head,,,,,,,,,
253,26,Sat,2023-03-04,15:00:00,Chelsea,,,,Leeds United,,Stamford Bridge,,Head-to-Head,,,,,,,,,
254,26,Sat,2023-03-04,15:00:00,Liverpool,,,,Manchester Utd,,Anfield,,Head-to-Head,,,,,,,,,
255,26,Sat,2023-03-04,15:00:00,Manchester City,,,,Newcastle Utd,,Etihad Stadium,,Head-to-Head,,,,,,,,,
256,26,Sat,2023-03-04,15:00:00,Brighton,,,,West Ham,,The American Express Community Stadium,,Head-to-Head,,,,,,,,,
257,26,Sat,2023-03-04,15:00:00,Wolves,,,,Tottenham,,Molineux Stadium,,Head-to-Head,,,,,,,,,
258,26,Sat,2023-03-04,15:00:00,Nott'ham Forest,,,,Everton,,The City Ground,,Head-to-Head,,,,,,,,,
259,27,Sat,2023-03-11,15:00:00,Leeds United,,,,Brighton,,Elland Road,,Head-to-Head,,,,,,,,,
260,27,Sat,2023-03-11,15:00:00,Everton,,,,Brentford,,Goodison Park,,Head-to-Head,,,,,,,,,
261,27,Sat,2023-03-11,15:00:00,Manchester Utd,,,,Southampton,,Old Trafford,,Head-to-Head,,,,,,,,,
262,27,Sat,2023-03-11,15:00:00,Leicester City,,,,Chelsea,,King Power Stadium,,Head-to-Head,,,,,,,,,
263,27,Sat,2023-03-11,15:00:00,Newcastle Utd,,,,Wolves,,St. James' Park,,Head-to-Head,,,,,,,,,
264,27,Sat,2023-03-11,15:00:00,Tottenham,,,,Nott'ham Forest,,Tottenham Hotspur Stadium,,Head-to-Head,,,,,,,,,
265,27,Sat,2023-03-11,15:00:00,Fulham,,,,Arsenal,,Craven Cottage,,Head-to-Head,,,,,,,,,
266,27,Sat,2023-03-11,15:00:00,Crystal Palace,,,,Manchester City,,Selhurst Park,,Head-to-Head,,,,,,,,,
267,27,Sat,2023-03-11,15:00:00,Bournemouth,,,,Liverpool,,Vitality Stadium,,Head-to-Head,,,,,,,,,
268,27,Sat,2023-03-11,15:00:00,West Ham,,,,Aston Villa,,London Stadium,,Head-to-Head,,,,,,,,,
269,28,Sat,2023-03-18,15:00:00,Brighton,,,,Manchester Utd,,The American Express Community Stadium,,Head-to-Head,,,,,,,,,
270,28,Sat,2023-03-18,15:00:00,Liverpool,,,,Fulham,,Anfield,,Head-to-Head,,,,,,,,,
271,28,Sat,2023-03-18,15:00:00,Wolves,,,,Leeds United,,Molineux Stadium,,Head-to-Head,,,,,,,,,
272,28,Sat,2023-03-18,15:00:00,Nott'ham Forest,,,,Newcastle Utd,,The City Ground,,Head-to-Head,,,,,,,,,
273,28,Sat,2023-03-18,15:00:00,Brentford,,,,Leicester City,,Brentford Community Stadium,,Head-to-Head,,,,,,,,,
274,28,Sat,2023-03-18,15:00:00,Aston Villa,,,,Bournemouth,,Villa Park,,Head-to-Head,,,,,,,,,
275,28,Sat,2023-03-18,15:00:00,Chelsea,,,,Everton,,Stamford Bridge,,Head-to-Head,,,,,,,,,
276,28,Sat,2023-03-18,15:00:00,Arsenal,,,,Crystal Palace,,Emirates Stadium,,Head-to-Head,,,,,,,,,
277,28,Sat,2023-03-18,15:00:00,Southampton,,,,Tottenham,,St. Mary's Stadium,,Head-to-Head,,,,,,,,,
278,28,Sat,2023-03-18,15:00:00,Manchester City,,,,West Ham,,Etihad Stadium,,Head-to-Head,,,,,,,,,
279,29,Sat,2023-04-01,15:00:00,Newcastle Utd,,,,Manchester Utd,,St. James' Park,,Head-to-Head,,,,,,,,,
280,29,Sat,2023-04-01,15:00:00,Arsenal,,,,Leeds United,,Emirates Stadium,,Head-to-Head,,,,,,,,,
281,29,Sat,2023-04-01,15:00:00,Manchester City,,,,Liverpool,,Etihad Stadium,,Head-to-Head,,,,,,,,,
282,29,Sat,2023-04-01,15:00:00,West Ham,,,,Southampton,,London Stadium,,Head-to-Head,,,,,,,,,
283,29,Sat,2023-04-01,15:00:00,Chelsea,,,,Aston Villa,,Stamford Bridge,,Head-to-Head,,,,,,,,,
284,29,Sat,2023-04-01,15:00:00,Everton,,,,Tottenham,,Goodison Park,,Head-to-Head,,,,,,,,,
285,29,Sat,2023-04-01,15:00:00,Nott'ham Forest,,,,Wolves,,The City Ground,,Head-to-Head,,,,,,,,,
286,29,Sat,2023-04-01,15:00:00,Brighton,,,,Brentford,,The American Express Community Stadium,,Head-to-Head,,,,,,,,,
287,29,Sat,2023-04-01,15:00:00,Crystal Palace,,,,Leicester City,,Selhurst Park,,Head-to-Head,,,,,,,,,
288,29,Sat,2023-04-01,15:00:00,Bournemouth,,,,Fulham,,Vitality Stadium,,Head-to-Head,,,,,,,,,
289,30,Sat,2023-04-08,15:00:00,Fulham,,,,West Ham,,Craven Cottage,,Head-to-Head,,,,,,,,,
290,30,Sat,2023-04-08,15:00:00,Aston Villa,,,,Nott'ham Forest,,Villa Park,,Head-to-Head,,,,,,,,,
291,30,Sat,2023-04-08,15:00:00,Leicester City,,,,Bournemouth,,King Power Stadium,,Head-to-Head,,,,,,,,,
292,30,Sat,2023-04-08,15:00:00,Leeds United,,,,Crystal Palace,,Elland Road,,Head-to-Head,,,,,,,,,
293,30,Sat,2023-04-08,15:00:00,Brentford,,,,Newcastle Utd,,Brentford Community Stadium,,Head-to-Head,,,,,,,,,
294,30,Sat,2023-04-08,15:00:00,Wolves,,,,Chelsea,,Molineux Stadium,,Head-to-Head,,,,,,,,,
295,30,Sat,2023-04-08,15:00:00,Tottenham,,,,Brighton,,Tottenham Hotspur Stadium,,Head-to-Head,,,,,,,,,
296,30,Sat,2023-04-08,15:00:00,Manchester Utd,,,,Everton,,Old Trafford,,Head-to-Head,,,,,,,,,
297,30,Sat,2023-04-08,15:00:00,Liverpool,,,,Arsenal,,Anfield,,Head-to-Head,,,,,,,,,
298,30,Sat,2023-04-08,15:00:00,Southampton,,,,Manchester City,,St. Mary's Stadium,,Head-to-Head,,,,,,,,,
299,31,Sat,2023-04-15,15:00:00,Chelsea,,,,Brighton,,Stamford Bridge,,Head-to-Head,,,,,,,,,
300,31,Sat,2023-04-15,15:00:00,West Ham,,,,Arsenal,,London Stadium,,Head-to-Head,,,,,,,,,
301,31,Sat,2023-04-15,15:00:00,Nott'ham Forest,,,,Manchester Utd,,The City Ground,,Head-to-Head,,,,,,,,,
302,31,Sat,2023-04-15,15:00:00,Southampton,,,,Crystal Palace,,St. Mary's Stadium,,Head-to-Head,,,,,,,,,
303,31,Sat,2023-04-15,15:00:00,Aston Villa,,,,Newcastle Utd,,Villa Park,,Head-to-Head,,,,,,,,,
304,31,Sat,2023-04-15,15:00:00,Wolves,,,,Brentford,,Molineux Stadium,,Head-to-Head,,,,,,,,,
305,31,Sat,2023-04-15,15:00:00,Tottenham,,,,Bournemouth,,Tottenham Hotspur Stadium,,Head-to-Head,,,,,,,,,
306,31,Sat,2023-04-15,15:00:00,Manchester City,,,,Leicester City,,Etihad Stadium,,Head-to-Head,,,,,,,,,
307,31,Sat,2023-04-15,15:00:00,Everton,,,,Fulham,,Goodison Park,,Head-to-Head,,,,,,,,,
308,31,Sat,2023-04-15,15:00:00,Leeds United,,,,Liverpool,,Elland Road,,Head-to-Head,,,,,,,,,
309,32,Sat,2023-04-22,15:00:00,Arsenal,,,,Southampton,,Emirates Stadium,,Head-to-Head,,,,,,,,,
310,32,Sat,2023-04-22,15:00:00,Crystal Palace,,,,Everton,,Selhurst Park,,Head-to-Head,,,,,,,,,
311,32,Sat,2023-04-22,15:00:00,Brentford,,,,Aston Villa,,Brentford Community Stadium,,Head-to-Head,,,,,,,,,
312,32,Sat,2023-04-22,15:00:00,Bournemouth,,,,West Ham,,Vitality Stadium,,Head-to-Head,,,,,,,,,
313,32,Sat,2023-04-22,15:00:00,Liverpool,,,,Nott'ham Forest,,Anfield,,Head-to-Head,,,,,,,,,
314,32,Sat,2023-04-22,15:00:00,Leicester City,,,,Wolves,,King Power Stadium,,Head-to-Head,,,,,,,,,
315,32,Sat,2023-04-22,15:00:00,Manchester Utd,,,,Chelsea,,Old Trafford,,Head-to-Head,,,,,,,,,
316,32,Sat,2023-04-22,15:00:00,Brighton,,,,Manchester City,,The American Express Community Stadium,,Head-to-Head,,,,,,,,,
317,32,Sat,2023-04-22,15:00:00,Newcastle Utd,,,,Tottenham,,St. James' Park,,Head-to-Head,,,,,,,,,
318,32,Sat,2023-04-22,15:00:00,Fulham,,,,Leeds United,,Craven Cottage,,Head-to-Head,,,,,,,,,
319,33,Tue,2023-04-25,19:45:00,Everton,,,,Newcastle Utd,,Goodison Park,,Head-to-Head,,,,,,,,,
320,33,Tue,2023-04-25,19:45:00,Leeds United,,,,Leicester City,,Elland Road,,Head-to-Head,,,,,,,,,
321,33,Tue,2023-04-25,19:45:00,Nott'ham Forest,,,,Brighton,,The City Ground,,Head-to-Head,,,,,,,,,
322,33,Tue,2023-04-25,19:45:00,Wolves,,,,Crystal Palace,,Molineux Stadium,,Head-to-Head,,,,,,,,,
323,33,Tue,2023-04-25,19:45:00,Tottenham,,,,Manchester Utd,,Tottenham Hotspur Stadium,,Head-to-Head,,,,,,,,,
324,33,Tue,2023-04-25,19:45:00,West Ham,,,,Liverpool,,London Stadium,,Head-to-Head,,,,,,,,,
325,33,Tue,2023-04-25,20:00:00,Aston Villa,,,,Fulham,,Villa Park,,Head-to-Head,,,,,,,,,
326,33,Wed,2023-04-26,19:45:00,Chelsea,,,,Brentford,,Stamford Bridge,,Head-to-Head,,,,,,,,,
327,33,Wed,2023-04-26,19:45:00,Southampton,,,,Bournemouth,,St. Mary's Stadium,,Head-to-Head,,,,,,,,,
328,33,Wed,2023-04-26,20:00:00,Manchester City,,,,Arsenal,,Etihad Stadium,,Head-to-Head,,,,,,,,,
329,34,Sat,2023-04-29,15:00:00,Manchester Utd,,,,Aston Villa,,Old Trafford,,Head-to-Head,,,,,,,,,
330,34,Sat,2023-04-29,15:00:00,Bournemouth,,,,Leeds United,,Vitality Stadium,,Head-to-Head,,,,,,,,,
331,34,Sat,2023-04-29,15:00:00,Brighton,,,,Wolves,,The American Express Community Stadium,,Head-to-Head,,,,,,,,,
332,34,Sat,2023-04-29,15:00:00,Arsenal,,,,Chelsea,,Emirates Stadium,,Head-to-Head,,,,,,,,,
333,34,Sat,2023-04-29,15:00:00,Brentford,,,,Nott'ham Forest,,Brentford Community Stadium,,Head-to-Head,,,,,,,,,
334,34,Sat,2023-04-29,15:00:00,Crystal Palace,,,,West Ham,,Selhurst Park,,Head-to-Head,,,,,,,,,
335,34,Sat,2023-04-29,15:00:00,Leicester City,,,,Everton,,King Power Stadium,,Head-to-Head,,,,,,,,,
336,34,Sat,2023-04-29,15:00:00,Newcastle Utd,,,,Southampton,,St. James' Park,,Head-to-Head,,,,,,,,,
337,34,Sat,2023-04-29,15:00:00,Fulham,,,,Manchester City,,Craven Cottage,,Head-to-Head,,,,,,,,,
338,34,Sat,2023-04-29,15:00:00,Liverpool,,,,Tottenham,,Anfield,,Head-to-Head,,,,,,,,,
339,35,Sat,2023-05-06,15:00:00,Tottenham,,,,Crystal Palace,,Tottenham Hotspur Stadium,,Head-to-Head,,,,,,,,,
340,35,Sat,2023-05-06,15:00:00,Wolves,,,,Aston Villa,,Molineux Stadium,,Head-to-Head,,,,,,,,,
341,35,Sat,2023-05-06,15:00:00,Nott'ham Forest,,,,Southampton,,The City Ground,,Head-to-Head,,,,,,,,,
342,35,Sat,2023-05-06,15:00:00,Bournemouth,,,,Chelsea,,Vitality Stadium,,Head-to-Head,,,,,,,,,
343,35,Sat,2023-05-06,15:00:00,Liverpool,,,,Brentford,,Anfield,,Head-to-Head,,,,,,,,,
344,35,Sat,2023-05-06,15:00:00,Manchester City,,,,Leeds United,,Etihad Stadium,,Head-to-Head,,,,,,,,,
345,35,Sat,2023-05-06,15:00:00,West Ham,,,,Manchester Utd,,London Stadium,,Head-to-Head,,,,,,,,,
346,35,Sat,2023-05-06,15:00:00,Fulham,,,,Leicester City,,Craven Cottage,,Head-to-Head,,,,,,,,,
347,35,Sat,2023-05-06,15:00:00,Newcastle Utd,,,,Arsenal,,St. James' Park,,Head-to-Head,,,,,,,,,
348,35,Sat,2023-05-06,15:00:00,Brighton,,,,Everton,,The American Express Community Stadium,,Head-to-Head,,,,,,,,,
349,36,Sat,2023-05-13,15:00:00,Aston Villa,,,,Tottenham,,Villa Park,,Head-to-Head,,,,,,,,,
350,36,Sat,2023-05-13,15:00:00,Everton,,,,Manchester City,,Goodison Park,,Head-to-Head,,,,,,,,,
351,36,Sat,2023-05-13,15:00:00,Leicester City,,,,Liverpool,,King Power Stadium,,Head-to-Head,,,,,,,,,
352,36,Sat,2023-05-13,15:00:00,Chelsea,,,,Nott'ham Forest,,Stamford Bridge,,Head-to-Head,,,,,,,,,
353,36,Sat,2023-05-13,15:00:00,Brentford,,,,West Ham,,Brentford Community Stadium,,Head-to-Head,,,,,,,,,
354,36,Sat,2023-05-13,15:00:00,Crystal Palace,,,,Bournemouth,,Selhurst Park,,Head-to-Head,,,,,,,,,
355,36,Sat,2023-05-13,15:00:00,Leeds United,,,,Newcastle Utd,,Elland Road,,Head-to-Head,,,,,,,,,
356,36,Sat,2023-05-13,15:00:00,Arsenal,,,,Brighton,,Emirates Stadium,,Head-to-Head,,,,,,,,,
357,36,Sat,2023-05-13,15:00:00,Southampton,,,,Fulham,,St. Mary's Stadium,,Head-to-Head,,,,,,,,,
358,36,Sat,2023-05-13,15:00:00,Manchester Utd,,,,Wolves,,Old Trafford,,Head-to-Head,,,,,,,,,
359,37,Sat,2023-05-20,15:00:00,Brighton,,,,Southampton,,The American Express Community Stadium,,Head-to-Head,,,,,,,,,
360,37,Sat,2023-05-20,15:00:00,West Ham,,,,Leeds United,,London Stadium,,Head-to-Head,,,,,,,,,
361,37,Sat,2023-05-20,15:00:00,Tottenham,,,,Brentford,,Tottenham Hotspur Stadium,,Head-to-Head,,,,,,,,,
362,37,Sat,2023-05-20,15:00:00,Manchester City,,,,Chelsea,,Etihad Stadium,,Head-to-Head,,,,,,,,,
363,37,Sat,2023-05-20,15:00:00,Liverpool,,,,Aston Villa,,Anfield,,Head-to-Head,,,,,,,,,
364,37,Sat,2023-05-20,15:00:00,Newcastle Utd,,,,Leicester City,,St. James' Park,,Head-to-Head,,,,,,,,,
365,37,Sat,2023-05-20,15:00:00,Fulham,,,,Crystal Palace,,Craven Cottage,,Head-to-Head,,,,,,,,,
366,37,Sat,2023-05-20,15:00:00,Nott'ham Forest,,,,Arsenal,,The City Ground,,Head-to-Head,,,,,,,,,
367,37,Sat,2023-05-20,15:00:00,Bournemouth,,,,Manchester Utd,,Vitality Stadium,,Head-to-Head,,,,,,,,,
368,37,Sat,2023-05-20,15:00:00,Wolves,,,,Everton,,Molineux Stadium,,Head-to-Head,,,,,,,,,
369,38,Sun,2023-05-28,15:00:00,Crystal Palace,,,,Nott'ham Forest,,Selhurst Park,,Head-to-Head,,,,,,,,,
370,38,Sun,2023-05-28,15:00:00,Chelsea,,,,Newcastle Utd,,Stamford Bridge,,Head-to-Head,,,,,,,,,
371,38,Sun,2023-05-28,15:00:00,Manchester Utd,,,,Fulham,,Old Trafford,,Head-to-Head,,,,,,,,,
372,38,Sun,2023-05-28,15:00:00,Arsenal,,,,Wolves,,Emirates Stadium,,Head-to-Head,,,,,,,,,
373,38,Sun,2023-05-28,15:00:00,Southampton,,,,Liverpool,,St. Mary's Stadium,,Head-to-Head,,,,,,,,,
374,38,Sun,2023-05-28,15:00:00,Everton,,,,Bournemouth,,Goodison Park,,Head-to-Head,,,,,,,,,
375,38,Sun,2023-05-28,15:00:00,Leicester City,,,,West Ham,,King Power Stadium,,Head-to-Head,,,,,,,,,
376,38,Sun,2023-05-28,15:00:00,Aston Villa,,,,Brighton,,Villa Park,,Head-to-Head,,,,,,,,,
377,38,Sun,2023-05-28,15:00:00,Leeds United,,,,Tottenham,,Elland Road,,Head-to-Head,,,,,,,,,
378,38,Sun,2023-05-28,15:00:00,Brentford,,,,Manchester City,,Brentford Community Stadium,,Head-to-Head,,,,,,,,,
